 ,0,0,na,na,na
Abilene Christian University,3669,3508,Texas,Midsize City,private
Adams State University,1956,1514,Colorado,Town,na
Adelphi University,5269,4874,New York,Suburb,private
Adrian College,1673,1606,Michigan,Town,private
Agnes Scott College,923,913,Georgia,Suburb,private
Alabama A & M University,5032,4714,Alabama,Midsize City,public
Alabama State University,4212,3866,Alabama,Midsize City,na
Alaska Pacific University,298,203,Alaska,Large City,private
Albany State University,6266,3927,Georgia,Small City,na
Albertus Magnus College,1130,1012,Connecticut,Midsize City,na
Albion College,1565,1554,Michigan,Town,na
Albright College,2019,1993,Pennsylvania,Small City,na
Alcorn State University,3169,2893,Mississippi,Rural,na
Alderson Broaddus University,950,903,West Virginia,Town,private
Alfred University,1704,1600,New York,Town,na
Alice Lloyd College,598,584,Kentucky,Rural,private
Allegheny College,1800,1752,Pennsylvania,Town,na
Allen University,590,563,South Carolina,Midsize City,private
Alma College,1427,1386,Michigan,Town,na
Alvernia University,2252,1670,Pennsylvania,Small City,na
Alverno College,1312,1036,Wisconsin,Large City,na
American InterContinental University - Atlanta,1905,932,Georgia,Midsize City,private
American International College,1374,1254,Massachusetts,Midsize City,private
American Jewish University,68,63,California,Large City,na
American Public University System,37910,2914,West Virginia,Town,na
American University,8124,7764,District of Columbia,Large City,na
Amherst College,1832,1836,Massachusetts,Suburb,private
Amridge University,321,147,Alabama,Midsize City,na
Anderson University Indiana,1565,1431,Indiana,Small City,na
Anderson University South Carolina,2984,2550,South Carolina,Small City,private
Andrews University,1704,1344,Michigan,Town,na
Angelo State University,8721,5332,Texas,Midsize City,na
Anna Maria College,1121,866,Massachusetts,Rural,na
Antioch University - Seattle,90,17,Washington,Large City,na
Appalachian State University,17014,16071,North Carolina,Town,public
Aquinas College Michigan,1553,1317,Michigan,Midsize City,na
Arcadia University,2387,2177,Pennsylvania,Suburb,na
Arizona Christian University,784,646,Arizona,Large City,na
Arizona State University - Tempe,42429,38814,Arizona,Midsize City,na
Arkansas Baptist College,597,496,Arkansas,Midsize City,na
Arkansas State University - Main Campus,9608,6894,Arkansas,Small City,public
Arkansas Tech University,10780,6729,Arkansas,Town,public
Armstrong State University,6283,4513,Georgia,Midsize City,public
Asbury University,1731,1325,Kentucky,Town,na
Ashford University,31543,31545,California,Large City,private
Ashland University,4812,3380,Ohio,Town,na
Assumption College,2085,1937,Massachusetts,Midsize City,private
Point University,1925,1119,Georgia,Town,na
Auburn University,23968,21762,Alabama,Small City,public
Auburn University at Montgomery,4312,3239,Alabama,Midsize City,na
Augsburg University,2428,2033,Minnesota,Large City,na
Augustana College,2650,2637,Illinois,Small City,na
Augustana University,1746,1679,South Dakota,Midsize City,na
Aurora University,3935,3461,Illinois,Suburb,private
Austin College,1218,1204,Texas,Small City,na
Austin Peay State University,9591,7065,Tennessee,Midsize City,na
Ave Maria University,1071,1035,Florida,Rural,na
Averett University,929,890,Virginia,Town,na
Averett University - Non - Traditional Programs,344,87,Virginia,Town,na
Avila University,1274,1077,Missouri,Large City,na
Azusa Pacific University,5674,5075,California,Suburb,private
Bacone College,936,864,Oklahoma,Town,private
Baker University,1774,1062,Kansas,Town,na
Baldwin Wallace University,3191,2958,Ohio,Suburb,na
Ball State University,17000,15203,Indiana,Small City,na
Bard College,1941,1862,New York,Town,na
Barnard College,2549,2514,New York,Large City,na
Barry University,3504,2991,Florida,Suburb,na
Barton College,888,830,North Carolina,Town,private
Bates College,1788,1787,Maine,Small City,na
Bay Path University,1946,1367,Massachusetts,Suburb,na
Baylor University,14311,14100,Texas,Midsize City,private
Beacon College,349,344,Florida,Suburb,private
Becker College,1885,1530,Massachusetts,Midsize City,private
Belhaven University,2479,1248,Mississippi,Midsize City,private
Bellarmine University,2539,2410,Kentucky,Large City,na
Bellevue University,5743,4919,Nebraska,Suburb,na
Belmont Abbey College,1552,1381,North Carolina,Suburb,private
Belmont University,6496,6161,Tennessee,Large City,na
Beloit College,1407,1346,Wisconsin,Small City,na
Bemidji State University,4819,3333,Minnesota,Town,na
Benedict College,2089,2077,South Carolina,Midsize City,na
Benedictine College,2080,1821,Kansas,Town,na
Benedictine University,2883,2473,Illinois,Suburb,private
Bennett College,490,400,North Carolina,Large City,private
Bennington College,775,724,Vermont,Town,na
Bentley University,4270,4171,Massachusetts,Small City,private
Berea College,1668,1615,Kentucky,Town,na
Berry College,1976,1945,Georgia,Suburb,private
Bethany College Kansas,777,710,Kansas,Town,na
Bethany College West Virginia,598,594,West Virginia,Rural,private
Bethany Lutheran College,651,522,Minnesota,Small City,na
Bethel College - Mishawaka,1330,1044,Indiana,Small City,na
Bethel College - North Newton,502,489,Kansas,Town,na
Bethel University Minnesota,2898,2407,Minnesota,Suburb,na
Bethel University Tennessee,4830,3454,Tennessee,Town,na
Bethune - Cookman University,3988,3755,Florida,Small City,private
Biola University,4047,3882,California,Suburb,private
Birmingham Southern College,1287,1272,Alabama,Midsize City,na
Black Hills State University,3951,2195,South Dakota,Town,na
Blackburn College,557,546,Illinois,Town,private
Bloomfield College,1839,1700,New Jersey,Suburb,na
Bloomsburg University of Pennsylvania,8578,7863,Pennsylvania,Small City,public
Blue Mountain College,590,531,Mississippi,Rural,na
Bluefield College,949,829,Virginia,Town,na
Bluefield State College,1380,1099,West Virginia,Town,na
Bluffton University,735,660,Ohio,Town,na
Boise State University,20744,12477,Idaho,Midsize City,public
Boston College,9924,9681,Massachusetts,Small City,private
Boston University,18086,16840,Massachusetts,Large City,private
Bowdoin College,1819,1813,Maine,Town,private
Bowie State University,5185,4389,Maryland,Suburb,na
Bowling Green State University - Main Campus,14679,13104,Ohio,Town,public
Bradley University,4645,4512,Illinois,Midsize City,na
Brandeis University,3630,3620,Massachusetts,Small City,na
Brenau University,1737,1080,Georgia,Small City,na
Brescia University,1177,715,Kentucky,Small City,na
Brevard College,673,656,North Carolina,Town,na
Brewton - Parker College,782,438,Georgia,Rural,na
Briar Cliff University,943,720,Iowa,Small City,na
Bridgewater College,1880,1876,Virginia,Suburb,private
Bridgewater State University,9562,7858,Massachusetts,Suburb,na
Brigham Young University - Hawaii,3138,2702,Hawaii,Town,private
Brigham Young University - Idaho,51883,17230,Idaho,Town,na
Brigham Young University - Provo,31232,28156,Utah,Midsize City,na
Brown University,6986,6666,Rhode Island,Midsize City,na
Bryan College - Dayton,1238,833,Tennessee,Town,na
Bryant University,3476,3418,Rhode Island,Suburb,private
Bryn Athyn College of the New Church,329,313,Pennsylvania,Suburb,private
Bryn Mawr College,1340,1325,Pennsylvania,Suburb,na
Bucknell University,3608,3585,Pennsylvania,Town,private
Buena Vista University,1805,1522,Iowa,Town,private
Butler University,4288,4182,Indiana,Large City,na
Cabrini University,1687,1479,Pennsylvania,Suburb,private
Caldwell University,1605,1440,New Jersey,Suburb,na
California Baptist University,7421,6367,California,Large City,na
California Institute of Technology,962,961,California,Midsize City,na
California Lutheran University,2968,2858,California,Midsize City,private
California State University Maritime Academy,1050,1007,California,Midsize City,na
California Polytechnic State University - San Luis Obispo,21348,20584,California,Suburb,na
California State Polytechnic University - Pomona,24318,21668,California,Suburb,na
California State University - Bakersfield,8816,7502,California,Large City,na
California State University - Channel Islands,7054,5858,California,Suburb,na
California State University - Chico,16709,15446,California,Small City,na
California State University - Dominguez Hills,13279,10084,California,Small City,na
California State University - East Bay,13473,11539,California,Midsize City,na
California State University - Fresno,22260,19432,California,Large City,na
California State University - Fullerton,35161,28475,California,Suburb,public
California State University - Long Beach,31564,27507,California,Large City,public
California State University - Los Angeles,24820,21004,California,Large City,public
California State University - Monterey Bay,6762,6109,California,Suburb,na
California State University - Northridge,35836,29739,California,Large City,na
California State University - Sacramento,28449,23491,California,Large City,public
California State University - San Bernardino,18324,16381,California,Midsize City,public
California State University - San Marcos,14616,11634,California,Suburb,na
California State University - Stanislaus,9058,7621,California,Suburb,na
California University of Pennsylvania,5553,4534,Pennsylvania,Suburb,public
Calumet College of Saint Joseph,624,427,Indiana,Suburb,private
Calvin College,3737,3524,Michigan,Midsize City,na
Cambridge College,750,221,Massachusetts,Large City,private
Cameron University,4149,2814,Oklahoma,Small City,na
Campbell University,4382,3634,North Carolina,Town,na
Campbellsville University,3704,2128,Kentucky,Town,private
Canisius College,2397,2303,New York,Large City,private
Capella University,9208,1382,Minnesota,Large City,na
Capital University,2703,2493,Ohio,Suburb,na
Cardinal Stritch University,1542,901,Wisconsin,Suburb,na
Carleton College,2068,2055,Minnesota,Town,na
Carlos Albizu University - Miami,376,291,Florida,Suburb,na
Carlow University,1365,1075,Pennsylvania,Large City,na
Carnegie Mellon University,6530,6298,Pennsylvania,Large City,na
Carroll College,1360,1287,Montana,Town,na
Carroll University,2983,2737,Wisconsin,Small City,na
Carson - Newman University,1688,1608,Tennessee,Suburb,na
Carthage College,2740,2596,Wisconsin,Suburb,na
Case Western Reserve University,5147,4978,Ohio,Large City,private
Castleton University,1857,1590,Vermont,Town,na
Catawba College,1322,1268,North Carolina,Suburb,na
Catholic University of America,3308,3194,District of Columbia,Large City,na
Cazenovia College,897,713,New York,Town,na
Cedar Crest College,1432,931,Pennsylvania,Midsize City,na
Cedarville University,3536,3109,Ohio,Town,private
Centenary University,1366,1125,New Jersey,Suburb,private
Centenary College of Louisiana,536,524,Louisiana,Midsize City,na
Central Baptist College,745,599,Arkansas,Small City,private
Central Christian College of Kansas,869,730,Kansas,Town,na
Central College,1232,1198,Iowa,Town,na
Central Connecticut State University,9550,7605,Connecticut,Suburb,na
Central Methodist University - College of Liberal Arts & Sciences,1058,1034,Missouri,Town,na
Central Michigan University,17801,15585,Michigan,Town,na
Central Penn College,1197,316,Pennsylvania,Suburb,na
Central State University,1788,1710,Ohio,Rural,public
Central Washington University,12080,10446,Washington,Town,na
Centre College,1447,1449,Kentucky,Town,na
Chadron State College,2151,1616,Nebraska,Town,na
Chaminade University of Honolulu,1813,1524,Hawaii,Large City,na
Champlain College,3933,2603,Vermont,Small City,na
Chapman University,7023,6515,California,Midsize City,na
Charleston Southern University,3062,2804,South Carolina,Midsize City,private
Chatham University,1207,951,Pennsylvania,Large City,na
Chestnut Hill College,1363,1118,Pennsylvania,Large City,na
Cheyney University of Pennsylvania,718,671,Pennsylvania,Suburb,public
Chicago State University,2032,1297,Illinois,Large City,na
Chowan University,1500,1440,North Carolina,Town,private
Christian Brothers University,1789,1426,Tennessee,Large City,na
Christopher Newport University,4951,4867,Virginia,Midsize City,na
Citadel Military College of South Carolina,2837,2559,South Carolina,Midsize City,na
City University of Seattle,929,235,Washington,Large City,na
Claflin University,2040,1955,South Carolina,Town,private
Claremont McKenna College,1341,1337,California,Suburb,na
Clarion University of Pennsylvania,4319,3483,Pennsylvania,Town,public
Clark Atlanta University,3305,3187,Georgia,Large City,na
Clark University,2240,2199,Massachusetts,Midsize City,private
Clarke University,765,708,Iowa,Small City,na
Clarkson University,3086,3021,New York,Town,private
Clayton State University,6553,3743,Georgia,Suburb,na
Clemson University,19409,18642,South Carolina,Suburb,public
Cleveland State University,12077,9268,Ohio,Large City,na
Coastal Carolina University,9899,9021,South Carolina,Small City,na
Coe College,1393,1369,Iowa,Midsize City,private
Cogswell College,606,436,California,Large City,na
Coker College,1025,909,South Carolina,Town,private
Colby College,1923,1917,Maine,Town,na
Colby - Sawyer College,983,920,New Hampshire,Rural,na
Colgate University,2882,2854,New York,Town,private
College of Charleston,9901,9083,South Carolina,Midsize City,public
College of Mount Saint Vincent,1693,1613,New York,Large City,na
Mount St. Joseph University,1315,1000,Ohio,Suburb,na
Notre Dame of Maryland University,817,528,Maryland,Large City,na
College of Our Lady of the Elms,1174,973,Massachusetts,Suburb,private
College of Saint Benedict,1940,1916,Minnesota,Suburb,na
College of Saint Elizabeth,757,587,New Jersey,Suburb,na
College of Saint Mary,833,761,Nebraska,Large City,na
Northeast Catholic College,69,70,New Hampshire,Rural,na
College of the Atlantic,352,330,Maine,Town,private
College of the Holy Cross,2852,2827,Massachusetts,Midsize City,private
College of the Ozarks,1510,1477,Missouri,Town,private
College of William and Mary,6287,6199,Virginia,Suburb,na
Colorado Christian University,6541,1840,Colorado,Midsize City,na
Colorado College,2106,2091,Colorado,Large City,private
Colorado School of Mines,4790,4584,Colorado,Suburb,public
Colorado State University - Fort Collins,25523,22154,Colorado,Midsize City,public
Colorado State University - Pueblo,4627,3292,Colorado,Midsize City,na
Colorado Technical University - Colorado Springs,22305,14445,Colorado,Large City,na
Columbia College Chicago,7029,6436,Illinois,Large City,na
Columbia College Missouri,12747,5163,Missouri,Midsize City,private
Columbia College South Carolina,1383,804,South Carolina,Midsize City,na
Columbia International University,497,454,South Carolina,Midsize City,na
Columbia Southern University,15049,8567,Alabama,Town,private
Columbia University in the City of New York,8157,7592,New York,Large City,na
Columbus State University,6798,4693,Georgia,Midsize City,na
Concord University,1853,1696,West Virginia,Town,public
Concordia College at Moorhead,2032,1997,Minnesota,Suburb,na
Concordia College - New York,1131,1024,New York,Suburb,na
Concordia University - Ann Arbor,906,780,Michigan,Midsize City,na
Concordia University - Chicago,1458,1299,Illinois,Suburb,private
Concordia University - Irvine,1851,1645,California,Large City,private
Concordia University - Portland,1378,1124,Oregon,Large City,na
Concordia University - Saint Paul,2867,1417,Minnesota,Large City,na
Concordia University - Nebraska,1682,1231,Nebraska,Town,na
Concordia University - Texas,1725,1347,Texas,Large City,na
Concordia University - Wisconsin,3713,2616,Wisconsin,Suburb,na
Connecticut College,1815,1766,Connecticut,Small City,private
Converse College,920,860,South Carolina,Small City,na
Cooper Union for the Advancement of Science and Art,864,859,New York,Large City,na
Coppin State University,2509,1854,Maryland,Large City,na
Corban University,1021,936,Oregon,Midsize City,private
Cornell College,1006,1002,Iowa,Town,private
Cornell University,14907,14898,New York,Small City,na
Cornerstone University,1757,1260,Michigan,Midsize City,na
Covenant College,1033,983,Georgia,Rural,private
Creighton University,4256,4011,Nebraska,Large City,na
Crown College,1055,698,Minnesota,Rural,na
Culver - Stockton College,1092,969,Missouri,Rural,na
Cumberland University,1974,1578,Tennessee,Town,na
CUNY Bernard M Baruch College,15253,11598,New York,Large City,na
CUNY Brooklyn College,14691,10786,New York,Large City,na
CUNY City College,13211,10225,New York,Large City,public
College of Staten Island CUNY,12509,9710,New York,Large City,public
CUNY Graduate School and University Center,2066,418,New York,Large City,na
CUNY Hunter College,16846,12612,New York,Large City,na
CUNY John Jay College of Criminal Justice,12916,10276,New York,Large City,public
CUNY Lehman College,11978,7216,New York,Large City,na
CUNY Queens College,16680,12149,New York,Large City,na
CUNY York College,8393,5056,New York,Large City,na
Curry College,2561,2059,Massachusetts,Suburb,private
Daemen College,1799,1560,New York,Suburb,na
Dakota State University,2963,1397,South Dakota,Town,public
Dakota Wesleyan University,793,668,South Dakota,Town,na
Dallas Baptist University,3159,2423,Texas,Large City,na
Dartmouth College,4415,4360,New Hampshire,Town,na
Davenport University,5597,2621,Michigan,Suburb,na
Davidson College,1812,1810,North Carolina,Suburb,private
Davis & Elkins College,839,785,West Virginia,Town,na
Defiance College,583,525,Ohio,Town,na
Delaware State University,4054,3571,Delaware,Small City,na
Delaware Valley University,1991,1756,Pennsylvania,Suburb,private
Delta State University,3034,2198,Mississippi,Town,na
Denison University,2344,2319,Ohio,Suburb,na
DePaul University,14822,12886,Illinois,Large City,na
DePauw University,2156,2140,Indiana,Town,na
DeSales University,2350,1811,Pennsylvania,Suburb,private
Dickinson College,2386,2346,Pennsylvania,Small City,private
Dickinson State University,1426,922,North Dakota,Town,public
DigiPen Institute of Technology,1024,964,Washington,Small City,na
Dillard University,1292,1200,Louisiana,Large City,na
Doane University,1066,1062,Nebraska,Town,na
Dominican College of Blauvelt,1420,1271,New York,Suburb,private
Dominican University,2171,2014,Illinois,Suburb,na
Dominican University of California,1304,1135,California,Small City,private
Dordt College,1445,1341,Iowa,Town,na
Drake University,3100,2955,Iowa,Midsize City,na
Drew University,1534,1507,New Jersey,Suburb,private
Drexel University,15528,13572,Pennsylvania,Large City,private
Drury University,3277,2478,Missouri,Midsize City,na
Duke University,6699,6669,North Carolina,Large City,na
Duquesne University,5941,5826,Pennsylvania,Large City,na
D'Youville College,1734,1295,New York,Large City,private
Earlham College,1061,1051,Indiana,Town,private
East Carolina University,23267,19999,North Carolina,Small City,public
East Central University,3082,2551,Oklahoma,Town,na
East Stroudsburg University of Pennsylvania,6051,5552,Pennsylvania,Small City,public
East Tennessee State University,11319,9641,Tennessee,Small City,na
East Texas Baptist University,1421,1216,Texas,Town,na
Eastern Connecticut State University,5069,4210,Connecticut,Town,public
Eastern Illinois University,5569,4319,Illinois,Town,na
Eastern Kentucky University,14138,10744,Kentucky,Town,na
Eastern Mennonite University,1102,942,Virginia,Small City,na
Eastern Michigan University,17218,12410,Michigan,Suburb,na
Eastern Nazarene College,694,571,Massachusetts,Suburb,private
Eastern New Mexico University - Main Campus,4600,2590,New Mexico,Town,na
Eastern Oregon University,2736,1668,Oregon,Town,public
Eastern University,1882,1462,Pennsylvania,Suburb,na
Eastern Washington University,11474,10060,Washington,Town,na
Eckerd College,2036,1915,Florida,Large City,private
Edgewood College,1566,1361,Wisconsin,Large City,na
Edinboro University of Pennsylvania,4294,3888,Pennsylvania,Town,public
Edward Waters College,3443,853,Florida,Large City,private
Elizabeth City State University,1365,1179,North Carolina,Town,na
Elizabethtown College,1674,1636,Pennsylvania,Suburb,private
Elmhurst College,2874,2732,Illinois,Suburb,private
Elmira College,936,833,New York,Small City,na
Elon University,6049,5885,North Carolina,Suburb,na
Embry Riddle Aeronautical University - Daytona Beach,5733,5378,Florida,Small City,na
Embry Riddle Aeronautical University - Prescott,2607,2471,Arizona,Rural,na
Emerson College,3814,3748,Massachusetts,Large City,na
Emmanuel College Georgia,954,822,Georgia,Town,na
Emmanuel College Massachusetts,1947,1804,Massachusetts,Large City,na
Emory and Henry College,999,966,Virginia,Rural,na
Emory University,6938,6794,Georgia,Large City,na
Emporia State University,3605,3340,Kansas,Town,na
Endicott College,3348,2946,Massachusetts,Suburb,na
Erskine College,573,568,South Carolina,Rural,na
Eureka College,615,593,Illinois,Town,private
Evangel University,1632,1461,Missouri,Midsize City,na
Everglades University,2101,2099,Florida,Small City,na
Fairfield University,4118,3879,Connecticut,Suburb,private
Fairleigh Dickinson University - Florham Campus,2747,2640,New Jersey,Suburb,na
Fairleigh Dickinson University - Metropolitan Campus,5471,2374,New Jersey,Suburb,na
Fairmont State University,3661,3108,West Virginia,Town,public
Farmingdale State College,9552,7407,New York,Suburb,na
Faulkner University,2673,1744,Alabama,Midsize City,na
Fayetteville State University,5394,3905,North Carolina,Midsize City,na
Felician University,1626,1430,New Jersey,Suburb,na
Ferris State University,12513,8469,Michigan,Town,public
Ferrum College,1137,1118,Virginia,Rural,na
Finlandia University,399,336,Michigan,Town,na
Fisk University,663,639,Tennessee,Large City,na
Fitchburg State University,4119,3386,Massachusetts,Suburb,public
Five Towns College,626,591,New York,Suburb,na
Flagler College - St Augustine,2681,2591,Florida,Suburb,na
Florida Agricultural and Mechanical University,8027,6875,Florida,Midsize City,na
Florida Atlantic University,25033,16325,Florida,Small City,public
Florida Gulf Coast University,13857,10973,Florida,Suburb,na
Florida Institute of Technology,3634,3269,Florida,Small City,private
Florida International University,47621,26655,Florida,Suburb,public
Florida Memorial University,1173,1129,Florida,Suburb,private
Florida Southern College,2615,2356,Florida,Midsize City,na
Florida State University,33009,29286,Florida,Midsize City,na
Fontbonne University,892,765,Missouri,Suburb,na
Fordham University,9595,9132,New York,Large City,na
Fort Hays State University,12499,5889,Kansas,Town,na
Fort Lewis College,3303,2921,Colorado,Town,public
Fort Valley State University,2345,2115,Georgia,Town,na
Framingham State University,4128,3558,Massachusetts,Small City,public
Francis Marion University,3462,3006,South Carolina,Suburb,public
Franciscan University of Steubenville,2201,2011,Ohio,Small City,na
Franklin and Marshall College,2281,2263,Pennsylvania,Small City,na
Franklin College,1017,962,Indiana,Suburb,private
Franklin Pierce University,1712,1563,New Hampshire,Rural,na
Welch College,344,222,Tennessee,Rural,private
Freed - Hardeman University,1469,1261,Tennessee,Town,na
Fresno Pacific University,2803,2342,California,Large City,private
Friends University,1149,906,Kansas,Large City,na
Frostburg State University,4726,3849,Maryland,Suburb,public
Full Sail University,16908,16908,Florida,Suburb,na
Furman University,2732,2658,South Carolina,Suburb,na
Gallaudet University,1125,1074,District of Columbia,Large City,na
Gannon University,3074,2530,Pennsylvania,Small City,private
Gardner - Webb University,2218,1781,North Carolina,Town,na
Geneva College,1412,1247,Pennsylvania,Suburb,na
George Fox University,2700,2494,Oregon,Town,private
George Mason University,25006,20221,Virginia,Suburb,na
George Washington University,11996,10893,District of Columbia,Large City,na
Georgetown College,1059,976,Kentucky,Town,private
Georgetown University,7465,6987,District of Columbia,Large City,private
Georgia College & State University,5987,5442,Georgia,Town,na
Georgia Gwinnett College,12290,8289,Georgia,Suburb,public
Georgia Institute of Technology - Main Campus,15576,13974,Georgia,Large City,na
Georgia Southern University,17763,15755,Georgia,Town,na
Georgia Southwestern State University,2604,1779,Georgia,Town,public
Georgia State University,25771,19882,Georgia,Large City,na
Georgian Court University,1612,1343,New Jersey,Small City,private
Gettysburg College,2411,2404,Pennsylvania,Small City,na
Glenville State College,1655,1037,West Virginia,Town,na
Goddard College,189,173,Vermont,Rural,na
Gonzaga University,5194,5106,Washington,Midsize City,private
Gordon College,1593,1528,Massachusetts,Suburb,na
Goshen College,888,816,Indiana,Small City,private
Goucher College,1534,1447,Maryland,Small City,na
Grace Bible College,873,822,Michigan,Small City,na
Grace College and Theological Seminary,1761,1439,Indiana,Town,private
Graceland University - Lamoni,1405,1061,Iowa,Rural,private
Grambling State University,4075,3734,Louisiana,Town,na
Grand Canyon University,49564,15998,Arizona,Large City,na
Grand Valley State University,21935,19373,Michigan,Suburb,na
Grand View University,1787,1574,Iowa,Midsize City,na
Granite State College,1758,807,New Hampshire,Town,na
Grantham University,7817,3296,Kansas,Suburb,na
Greensboro College,944,772,North Carolina,Large City,na
Greenville University,988,887,Illinois,Town,na
Grinnell College,1717,1662,Iowa,Town,private
Grove City College,2376,2315,Pennsylvania,Town,na
Guilford College,1669,1429,North Carolina,Large City,na
Gustavus Adolphus College,2184,2150,Minnesota,Town,private
Gwynedd Mercy University,2081,1934,Pennsylvania,Suburb,private
Hamilton College,1894,1886,New York,Suburb,private
Hamline University,2166,2082,Minnesota,Large City,na
Hampden - Sydney College,1044,1039,Virginia,Rural,na
Hampshire College,1264,1268,Massachusetts,Suburb,private
Hampton University,3796,3651,Virginia,Midsize City,na
Hannibal - LaGrange University,913,706,Missouri,Town,na
Hanover College,1096,1081,Indiana,Town,na
Hardin - Simmons University,1741,1585,Texas,Midsize City,na
Harding University,4187,3945,Arkansas,Town,na
Harris - Stowe State University,1441,1163,Missouri,Large City,na
Harrisburg University of Science and Technology,509,463,Pennsylvania,Small City,na
Hartwick College,1198,1180,New York,Town,private
Harvard University,9964,7147,Massachusetts,Midsize City,na
Harvey Mudd College,867,844,California,Suburb,na
Hastings College,1156,1073,Nebraska,Town,na
Haverford College,1293,1294,Pennsylvania,Suburb,private
Hawaii Pacific University,3565,2411,Hawaii,Large City,na
Heidelberg University,1049,1031,Ohio,Town,na
Henderson State University,2838,2565,Arkansas,Town,public
Hendrix College,1240,1228,Arkansas,Small City,na
Heritage University,812,734,Washington,Rural,private
Herzing University - Atlanta,593,365,Georgia,Large City,na
High Point University,4467,4418,North Carolina,Midsize City,na
Hilbert College,744,680,New York,Suburb,private
Hiram College,1209,853,Ohio,Town,na
Hobart and William Smith Colleges,2239,2220,New York,Town,private
Hodges University,1076,573,Florida,Suburb,na
Hofstra University,6863,6494,New York,Suburb,na
Hollins University,647,632,Virginia,Suburb,na
Holy Cross College,555,526,Indiana,Suburb,na
Holy Family University,2095,1630,Pennsylvania,Large City,private
Holy Names University,591,543,California,Large City,private
Hood College,1132,1048,Maryland,Small City,na
Hope College,3150,3019,Michigan,Small City,private
Hope International University,866,579,California,Suburb,na
Houghton College,1036,971,New York,Rural,private
Houston Baptist University,2320,2098,Texas,Large City,na
Howard Payne University,980,860,Texas,Town,private
Howard University,6354,6090,District of Columbia,Large City,na
Humboldt State University,7860,7270,California,Town,na
Humphreys University - Stockton and Modesto Campuses,324,208,California,Large City,na
Huntingdon College,1101,878,Alabama,Midsize City,private
Huntington University,1075,859,Indiana,Town,na
Huston - Tillotson University,1052,1003,Texas,Large City,na
Idaho State University,10565,6279,Idaho,Small City,public
Illinois College,956,950,Illinois,Town,na
Illinois Institute of Technology,2895,2631,Illinois,Large City,na
Illinois State University,18336,17165,Illinois,Suburb,na
Illinois Wesleyan University,1650,1646,Illinois,Small City,na
Immaculata University,1481,885,Pennsylvania,Suburb,na
Indiana State University,11578,9369,Indiana,Small City,public
Indiana University - Bloomington,33427,32212,Indiana,Small City,public
Indiana University - East,3292,1887,Indiana,Rural,public
Indiana University - Kokomo,2877,2215,Indiana,Small City,na
Indiana University - Northwest,3700,2608,Indiana,Small City,na
Indiana University of Pennsylvania - Main Campus,10255,9526,Pennsylvania,Town,na
Indiana University - Purdue University - Fort Wayne,9952,5913,Indiana,Large City,public
Indiana University - Purdue University - Indianapolis,21615,17521,Indiana,Large City,na
Indiana University - South Bend,4877,3767,Indiana,Midsize City,na
Indiana University - Southeast,4824,3218,Indiana,Suburb,na
Indiana Wesleyan University,2803,2634,Indiana,Town,private
Institute of American Indian and Alaska Native Culture and Arts Development,612,264,New Mexico,Rural,na
Inter American University of Puerto Rico - Aguadilla,3973,3375,Puerto Rico,Suburb,na
Inter American University of Puerto Rico - Arecibo,3902,3376,Puerto Rico,Small City,private
Inter American University of Puerto Rico - Barranquitas,1789,1605,Puerto Rico,Suburb,na
Inter American University of Puerto Rico - Metro,6264,4997,Puerto Rico,Large City,na
Inter American University of Puerto Rico - Ponce,4786,4098,Puerto Rico,Suburb,na
Inter American University of Puerto Rico - San German,4116,3693,Puerto Rico,Small City,private
Iona College,3177,2949,New York,Suburb,private
Iowa State University,30573,28743,Iowa,Small City,public
Iowa Wesleyan University,625,550,Iowa,Town,private
Ithaca College,6062,5936,New York,Suburb,na
Jackson State University,6498,5935,Mississippi,Midsize City,na
Jacksonville State University,7492,5523,Alabama,Small City,na
Jacksonville University,2878,2180,Florida,Large City,na
James Madison University,19972,18905,Virginia,Small City,na
University of Jamestown,916,871,North Dakota,Town,na
Jarvis Christian College,908,835,Texas,Rural,na
John Brown University,1972,1489,Arkansas,Town,na
John Carroll University,3079,2987,Ohio,Suburb,private
Johns Hopkins University,6106,5668,Maryland,Large City,na
Johnson & Wales University - Providence,7717,7267,Rhode Island,Midsize City,private
Johnson C Smith University,1395,1329,North Carolina,Large City,na
Johnson State College,1377,882,Vermont,Rural,na
Judson College,313,230,Alabama,Rural,na
Judson University,1078,761,Illinois,Midsize City,private
Juniata College,1487,1400,Pennsylvania,Town,na
Kalamazoo College,1434,1427,Michigan,Small City,na
Kansas State University,18484,16770,Kansas,Small City,na
Kansas Wesleyan University,693,631,Kansas,Town,na
Kaplan University - Davenport Campus,25486,3127,Iowa,Midsize City,na
Kean University,11985,9516,New Jersey,Suburb,na
Keene State College,3778,3624,New Hampshire,Town,na
Kent State University at Kent,23179,19108,Ohio,Suburb,public
Kentucky Christian University,589,439,Kentucky,Town,na
Kentucky State University,1762,1122,Kentucky,Town,public
Kentucky Wesleyan College,716,673,Kentucky,Small City,private
Kenyon College,1678,1661,Ohio,Town,na
Kettering University,1891,1807,Michigan,Small City,na
Keuka College,1645,1312,New York,Town,private
Keystone College,1454,1065,Pennsylvania,Suburb,private
King University,1798,1608,Tennessee,Small City,na
King's College,2198,2025,Pennsylvania,Small City,na
Knox College,1354,1334,Illinois,Town,private
Kutztown University of Pennsylvania,7489,7053,Pennsylvania,Town,na
Kuyper College,182,146,Michigan,Suburb,na
La Roche College,1379,1163,Pennsylvania,Suburb,na
La Salle University,3822,3322,Pennsylvania,Large City,na
La Sierra University,2027,1830,California,Large City,private
Lafayette College,2590,2551,Pennsylvania,Suburb,na
LaGrange College,940,888,Georgia,Town,na
Lake Erie College,959,724,Ohio,Suburb,private
Lake Forest College,1505,1487,Illinois,Suburb,na
Lake Superior State University,1962,1706,Michigan,Town,public
Lakeland University,1997,779,Wisconsin,Rural,private
Lamar University,9270,5967,Texas,Midsize City,na
Lander University,2785,2600,South Carolina,Town,na
Lane College,1416,1370,Tennessee,Small City,na
Langston University,2028,1822,Oklahoma,Rural,na
Lasell College,1733,1669,Massachusetts,Small City,na
Lawrence Technological University,2191,1672,Michigan,Small City,na
Lawrence University,1471,1434,Wisconsin,Small City,private
Le Moyne College,2793,2410,New York,Suburb,na
Le Moyne - Owen College,867,770,Tennessee,Large City,private
Lebanon Valley College,1756,1624,Pennsylvania,Suburb,private
Lee University,4856,3854,Tennessee,Small City,na
Lees - McRae College,920,891,North Carolina,Rural,na
Lehigh University,5065,5013,Pennsylvania,Small City,na
Lenoir - Rhyne University,1698,1441,North Carolina,Small City,private
Lesley University,2097,1645,Massachusetts,Midsize City,private
LeTourneau University,2606,1301,Texas,Small City,na
Lewis & Clark College,2113,2067,Oregon,Large City,na
Lewis - Clark State College,3746,2215,Idaho,Small City,na
Lewis University,4502,3687,Illinois,Suburb,private
Liberty University,45756,26892,Virginia,Small City,na
Life University,760,624,Georgia,Small City,na
Limestone College,2599,1943,South Carolina,Town,private
Lincoln Memorial University,1923,1355,Tennessee,Town,na
Lincoln University California,107,72,California,Large City,private
Lincoln University Missouri,2513,1804,Missouri,Small City,na
Lincoln University of Pennsylvania,2002,1826,Pennsylvania,Suburb,na
Lindenwood University,6931,6215,Missouri,Small City,private
Lindsey Wilson College,2071,1919,Kentucky,Town,na
Linfield College - McMinnville Campus,1536,1505,Oregon,Town,na
Lipscomb University,2994,2723,Tennessee,Large City,na
Livingstone College,1153,1140,North Carolina,Suburb,private
Lock Haven University,3471,3176,Pennsylvania,Town,public
LIU Brooklyn,3947,3396,New York,Large City,na
LIU Post,6317,2845,New York,Suburb,private
Longwood University,4469,3959,Virginia,Town,na
Loras College,1395,1335,Iowa,Small City,na
Louisiana College,985,866,Louisiana,Suburb,na
Louisiana State University - Alexandria,3372,1844,Louisiana,Rural,public
Louisiana State University and Agricultural & Mechanical College,25448,22060,Louisiana,Midsize City,na
Louisiana State University - Shreveport,2641,1641,Louisiana,Midsize City,public
Louisiana Tech University,11323,8090,Louisiana,Town,na
Lourdes University,1046,827,Ohio,Suburb,na
Loyola Marymount University,6395,6164,California,Large City,na
Loyola University Maryland,3927,3886,Maryland,Large City,private
Loyola University Chicago,11426,10681,Illinois,Large City,private
Loyola University New Orleans,2607,2446,Louisiana,Large City,private
Lubbock Christian University,1482,1276,Texas,Large City,na
Luther College,2046,2014,Iowa,Town,na
Lycoming College,1222,1199,Pennsylvania,Small City,private
University of Lynchburg,2051,1928,Virginia,Small City,private
Lyndon State College,1069,871,Vermont,Town,na
Lynn University,2205,1826,Florida,Small City,na
Lyon College,670,652,Arkansas,Town,na
Macalester College,2138,2093,Minnesota,Large City,na
Madonna University,2455,1358,Michigan,Small City,na
Maharishi University of Management,325,261,Iowa,Town,na
Maine Maritime Academy,1021,989,Maine,Rural,na
Malone University,1334,1099,Ohio,Small City,na
Manchester University,1264,1244,Indiana,Town,na
Manhattan College,3666,3479,New York,Large City,na
Manhattanville College,1731,1633,New York,Suburb,na
Mansfield University of Pennsylvania,1827,1655,Pennsylvania,Town,na
Maranatha Baptist University,933,591,Wisconsin,Town,na
Marian University Indiana,2301,1961,Indiana,Large City,na
Marian University Wisconsin,1508,1254,Wisconsin,Small City,na
Marietta College,1063,960,Ohio,Town,na
Marist College,5697,5085,New York,Suburb,private
Marquette University,8334,8026,Wisconsin,Large City,na
Mars Hill University,1265,1199,North Carolina,Suburb,private
Marshall University,9492,7846,West Virginia,Small City,na
Martin Luther College,896,743,Minnesota,Town,private
Martin Methodist College,979,810,Tennessee,Town,na
Martin University,263,159,Indiana,Large City,na
Mary Baldwin University,1133,720,Virginia,Small City,private
Marymount Manhattan College,2149,1915,New York,Large City,private
Marymount University,2306,2069,Virginia,Midsize City,na
Maryville College,1184,1158,Tennessee,Suburb,na
Maryville University of Saint Louis,3184,2375,Missouri,Suburb,private
Marywood University,1957,1756,Pennsylvania,Small City,na
Massachusetts College of Liberal Arts,1407,1201,Massachusetts,Town,public
Massachusetts Institute of Technology,4551,4510,Massachusetts,Midsize City,private
Massachusetts Maritime Academy,1687,1607,Massachusetts,Suburb,na
Mayville State University,1097,600,North Dakota,Rural,na
McDaniel College,1588,1543,Maryland,Suburb,private
McKendree University,2103,1692,Illinois,Suburb,na
McMurry University,1106,956,Texas,Midsize City,private
McNeese State University,6924,5567,Louisiana,Small City,na
McPherson College,723,673,Kansas,Town,private
Medaille College,1526,1426,New York,Large City,na
Menlo College,746,728,California,Suburb,private
Mercer University,4746,4135,Georgia,Midsize City,na
Mercy College,6862,5055,New York,Suburb,private
Mercyhurst University,2452,2373,Pennsylvania,Small City,na
Meredith College,1682,1600,North Carolina,Large City,na
Merrimack College,3535,3323,Massachusetts,Suburb,na
Colorado Mesa University,9461,7145,Colorado,Small City,public
Messiah College,2760,2637,Pennsylvania,Suburb,private
Methodist University,1938,1755,North Carolina,Midsize City,na
Metropolitan College of New York,777,681,New York,Large City,na
Metropolitan State University of Denver,19668,12759,Colorado,Large City,public
Metropolitan State University,7317,2878,Minnesota,Large City,na
Miami University - Oxford,17153,16619,Ohio,Town,na
Michigan State University,38997,35404,Michigan,Small City,na
Michigan Technological University,5886,5492,Michigan,Town,na
Mid - America Christian University,1622,1170,Oklahoma,Large City,private
Mid - Atlantic Christian University,192,166,North Carolina,Town,private
MidAmerica Nazarene University,1311,998,Kansas,Suburb,na
Middle Tennessee State University,19520,15812,Tennessee,Midsize City,public
Middlebury College,2547,2528,Vermont,Town,na
Midland University,1660,1187,Nebraska,Town,na
Midway University,1003,760,Kentucky,Rural,private
Midwestern State University,5328,4199,Texas,Midsize City,public
Miles College,1654,1555,Alabama,Suburb,private
Millersville University of Pennsylvania,6756,5671,Pennsylvania,Suburb,na
Millikin University,1951,1840,Illinois,Small City,private
Mills College,764,739,California,Large City,private
Millsaps College,808,797,Mississippi,Midsize City,na
Milwaukee School of Engineering,2607,2508,Wisconsin,Large City,private
Minnesota State University - Mankato,12781,10832,Minnesota,Small City,na
Minnesota State University - Moorhead,5126,4157,Minnesota,Suburb,na
Minot State University,2959,1952,North Dakota,Town,public
Misericordia University,2148,1660,Pennsylvania,Suburb,private
Mississippi College,3246,2793,Mississippi,Suburb,private
Mississippi State University,18312,16803,Mississippi,Town,public
Mississippi University for Women,2577,2113,Mississippi,Town,na
Mississippi Valley State University,1974,1667,Mississippi,Town,public
Missouri Baptist University,4507,1519,Missouri,Suburb,na
Missouri Southern State University,6025,4358,Missouri,Small City,na
Missouri State University - Springfield,20365,15363,Missouri,Midsize City,na
Missouri Valley College,1793,1296,Missouri,Town,na
Missouri Western State University,5290,3498,Missouri,Small City,na
Mitchell College,706,575,Connecticut,Small City,na
Molloy College,3534,2800,New York,Suburb,private
Monmouth College,1035,1016,Illinois,Town,na
Monmouth University,4708,4502,New Jersey,Suburb,na
Montana State University,14652,12403,Montana,Town,na
Montana State University - Billings,4022,2400,Montana,Midsize City,public
Montana State University - Northern,1164,855,Montana,Town,na
Montana Tech of the University of Montana,1657,1529,Montana,Town,na
Montclair State University,16852,14944,New Jersey,Suburb,na
Montreat College,757,543,North Carolina,Suburb,na
Moravian College,2083,1886,Pennsylvania,Small City,private
Morehead State University,9660,5835,Kentucky,Town,na
Morehouse College,2202,2090,Georgia,Large City,private
Morgan State University,6436,5825,Maryland,Large City,public
Morningside College,1322,1252,Iowa,Small City,na
Morris College,745,731,South Carolina,Small City,private
Mount Aloysius College,1689,999,Pennsylvania,Town,na
Mount Holyoke College,2213,2161,Massachusetts,Suburb,na
Mount Marty College,875,457,South Dakota,Town,private
Mount Mary University,700,624,Wisconsin,Large City,private
Mount Mercy University,1517,1083,Iowa,Midsize City,na
University of Mount Olive,3206,1472,North Carolina,Town,private
Mount Saint Mary College,2036,1737,New York,Suburb,private
Mount Saint Mary's University,2603,2056,California,Large City,na
Mount St Mary's University,1815,1696,Maryland,Town,private
Mount Vernon Nazarene University,1829,1440,Ohio,Town,na
Muhlenberg College,2369,2279,Pennsylvania,Midsize City,na
Murray State University,8559,6584,Kentucky,Town,na
Muskingum University,1559,1363,Ohio,Town,na
Naropa University,391,368,Colorado,Midsize City,na
National Louis University,1883,1250,Illinois,Large City,na
National University,7881,2899,California,Large City,private
Nazareth College,2195,2099,New York,Suburb,na
Nebraska Wesleyan University,1776,1566,Nebraska,Large City,na
Neumann University,2085,1462,Pennsylvania,Suburb,private
Nevada State College,4217,1708,Nevada,Rural,public
New College of Florida,836,835,Florida,Small City,na
New England College,1841,1811,New Hampshire,Rural,na
New Jersey City University,6508,5210,New Jersey,Large City,na
New Jersey Institute of Technology,8479,6380,New Jersey,Large City,public
New Mexico Highlands University,1933,1315,New Mexico,Town,public
New Mexico Institute of Mining and Technology,1471,1294,New Mexico,Town,na
New Mexico State University - Main Campus,11711,9703,New Mexico,Suburb,public
New York Institute of Technology,3663,3234,New York,Suburb,na
New York University,26418,25347,New York,Large City,na
Newberry College,1177,1158,South Carolina,Town,private
Newman University,2811,1013,Kansas,Large City,private
Niagara University,2998,2827,New York,Suburb,private
Nicholls State University,5684,4662,Louisiana,Small City,public
Nichols College,1339,1232,Massachusetts,Suburb,private
Norfolk State University,4684,4011,Virginia,Midsize City,na
North Carolina A & T State University,10339,9347,North Carolina,Large City,na
North Carolina Central University,6355,5363,North Carolina,Large City,na
North Carolina State University,24149,21384,North Carolina,Large City,na
North Carolina Wesleyan College,2090,1754,North Carolina,Small City,na
North Central College,2772,2634,Illinois,Midsize City,na
North Central University,1081,912,Minnesota,Large City,na
North Dakota State University - Main Campus,11981,10782,North Dakota,Midsize City,na
North Greenville University,2359,2080,South Carolina,Rural,na
North Park University,2033,1812,Illinois,Large City,na
Northcentral University,90,14,California,Large City,na
Northeastern Illinois University,7113,4164,Illinois,Large City,na
Northeastern State University,6830,4753,Oklahoma,Town,na
Northeastern University,13824,13786,Massachusetts,Large City,private
Northern Arizona University,27092,21990,Arizona,Small City,na
Northern Illinois University,13456,11788,Illinois,Suburb,public
Northern Kentucky University,12326,8962,Kentucky,Suburb,public
Northern Michigan University,7018,6207,Michigan,Town,na
Northern State University,3164,1346,South Dakota,Town,na
Northland College,631,594,Wisconsin,Town,private
Northwest Christian University,604,444,Oregon,Midsize City,na
Northwest Missouri State University,5478,4806,Missouri,Town,na
Northwest Nazarene University,1482,1125,Idaho,Suburb,na
Northwest University,946,929,Washington,Suburb,na
Northwestern College - 2,1039,997,Iowa,Town,private
University of Northwestern - St Paul,3325,2033,Minnesota,Suburb,na
Northwestern Oklahoma State University,1881,1329,Oklahoma,Town,na
Northwestern State University of Louisiana,9440,5471,Louisiana,Town,public
Northwestern University,8699,8205,Illinois,Small City,na
Norwich University,3229,2542,Vermont,Town,private
Notre Dame College,1736,1216,Ohio,Suburb,na
Notre Dame de Namur University,922,718,California,Suburb,private
Nova Southeastern University,4501,3154,Florida,Suburb,na
Nyack College,1397,1131,New York,Suburb,na
Oakland City University,1112,572,Indiana,Town,na
Oakland University,15902,12549,Michigan,Suburb,na
Oakwood University,1648,1521,Alabama,Midsize City,private
Oberlin College,2828,2790,Ohio,Town,na
Occidental College,1976,1952,California,Large City,private
Oglethorpe University,1253,1166,Georgia,Suburb,na
Ohio Christian University,3988,2429,Ohio,Town,na
Ohio Dominican University,1176,957,Ohio,Large City,na
Ohio Northern University,2315,2092,Ohio,Town,private
Ohio State University - Lima Campus,1007,844,Ohio,Rural,public
Ohio State University - Main Campus,45943,42003,Ohio,Large City,na
Ohio State University - Newark Campus,2605,2218,Ohio,Suburb,na
Ohio University - Main Campus,23167,17695,Ohio,Town,public
Ohio Valley University,528,435,West Virginia,Small City,na
Ohio Wesleyan University,1557,1545,Ohio,Suburb,private
Oklahoma Baptist University,1962,1835,Oklahoma,Town,na
Oklahoma Christian University,1976,1846,Oklahoma,Large City,na
Oklahoma City University,1715,1579,Oklahoma,Large City,na
Oklahoma Panhandle State University,1136,852,Oklahoma,Rural,public
Oklahoma State University - Main Campus,20992,18221,Oklahoma,Town,na
Oklahoma Wesleyan University,1005,609,Oklahoma,Town,na
Old Dominion University,19543,15036,Virginia,Midsize City,public
Olivet College,1178,1032,Michigan,Rural,private
Olivet Nazarene University,3377,3113,Illinois,Suburb,na
Oral Roberts University,3384,2866,Oklahoma,Large City,private
Oregon Institute of Technology,5380,2284,Oregon,Town,na
Oregon State University,25835,18829,Oregon,Small City,na
Ottawa University - Online,156,85,Kansas,Town,na
Ottawa University - Ottawa,669,646,Kansas,Town,na
Otterbein University,2483,2294,Ohio,Suburb,private
Ouachita Baptist University,1542,1500,Arkansas,Town,private
University of Holy Cross,912,457,Louisiana,Large City,private
Our Lady of the Lake University,1344,1221,Texas,Large City,na
Pace University - New York,8670,7878,New York,Large City,na
Pacific Lutheran University,2764,2655,Washington,Suburb,na
Pacific Union College,1227,1077,California,Rural,na
Pacific University,1876,1818,Oregon,Suburb,na
Paine College,425,328,Georgia,Midsize City,na
Palm Beach Atlantic University,3005,2350,Florida,Midsize City,na
Park University,9864,4134,Missouri,Suburb,na
Paul Quinn College,518,492,Texas,Large City,private
Paul Smiths College of Arts and Science,768,760,New York,Rural,private
William Peace University,932,814,North Carolina,Large City,na
Peirce College,1388,307,Pennsylvania,Large City,na
Pennsylvania State University - Brandywine,1439,1245,Pennsylvania,Suburb,na
Pennsylvania State University - University Park,40833,39785,Pennsylvania,Small City,na
Pennsylvania State University - Abington,3891,3312,Pennsylvania,Suburb,na
Pennsylvania State University - Altoona,3478,3374,Pennsylvania,Small City,na
Pennsylvania State University - Beaver,652,563,Pennsylvania,Suburb,na
Pennsylvania State University - Berks,2718,2411,Pennsylvania,Suburb,public
Pennsylvania State University - Erie - Behrend College,4341,4138,Pennsylvania,Suburb,na
Pennsylvania State University - Greater Allegheny,497,453,Pennsylvania,Suburb,public
Pennsylvania State University - Harrisburg,4288,3960,Pennsylvania,Suburb,public
Pennsylvania State University - Lehigh Valley,899,739,Pennsylvania,Suburb,public
Pennsylvania State University - New Kensington,597,484,Pennsylvania,Rural,na
Pennsylvania State University - Schuylkill,733,595,Pennsylvania,Town,na
Pennsylvania State University - Shenango,490,241,Pennsylvania,Suburb,na
Pennsylvania State University - Wilkes - Barre,456,387,Pennsylvania,Rural,na
Pennsylvania State University - Worthington Scranton,1030,904,Pennsylvania,Suburb,public
Pennsylvania State University - York,966,793,Pennsylvania,Suburb,na
Pepperdine University,3603,3300,California,Suburb,na
Peru State College,2046,1105,Nebraska,Rural,public
Pfeiffer University,812,733,North Carolina,Rural,na
Cairn University,770,727,Pennsylvania,Suburb,private
Thomas Jefferson University,2690,2279,Pennsylvania,Large City,private
Philander Smith College,893,845,Arkansas,Midsize City,private
Piedmont College,1281,1160,Georgia,Town,na
University of Pikeville,1562,1049,Kentucky,Town,na
Pine Manor College,419,417,Massachusetts,Suburb,na
Pittsburg State University,5709,5109,Kansas,Town,na
Pitzer College,1070,1046,California,Suburb,na
Platt College - Aurora,236,236,Colorado,Large City,private
Plymouth State University,4148,3971,New Hampshire,Town,na
Point Loma Nazarene University,3097,2571,California,Large City,private
Point Park University,3282,2758,Pennsylvania,Large City,private
Pomona College,1600,1578,California,Suburb,private
Portland State University,21163,13990,Oregon,Large City,na
Post University,7845,2617,Connecticut,Suburb,private
University of the Potomac - VA Campus,37,37,Virginia,Suburb,na
Prairie View A & M University,7977,7341,Texas,Town,na
Pratt Institute - Main,3642,3537,New York,Large City,na
Presbyterian College,1014,975,South Carolina,Town,na
Prescott College,386,291,Arizona,Small City,na
Presentation College,762,475,South Dakota,Town,private
Princeton University,5397,5260,New Jersey,Suburb,private
Principia College,456,441,Illinois,Rural,private
Providence Christian College,165,161,California,Midsize City,private
Providence College,4076,3826,Rhode Island,Midsize City,private
Purdue University - Main Campus,32130,30277,Indiana,Small City,na
Queens University of Charlotte,1717,1449,North Carolina,Large City,private
Quincy University,992,874,Illinois,Town,na
Quinnipiac University,7311,6959,Connecticut,Suburb,private
Radford University,8419,8049,Virginia,Small City,na
Ramapo College of New Jersey,5616,4910,New Jersey,Suburb,na
Randolph College,666,645,Virginia,Small City,na
Randolph - Macon College,1452,1428,Virginia,Suburb,private
Reed College,1446,1408,Oregon,Large City,na
Regent University,4280,2263,Virginia,Large City,na
Regis University,4084,2378,Colorado,Large City,na
Reinhardt University,1408,1260,Georgia,Rural,na
Rensselaer Polytechnic Institute,6366,6340,New York,Small City,na
Rhode Island College,7079,5461,Rhode Island,Suburb,public
Rhodes College,1984,1979,Tennessee,Large City,na
Rice University,4004,3916,Texas,Large City,na
Rider University,4092,3711,New Jersey,Suburb,private
Ripon College,759,739,Wisconsin,Town,na
Rivier University,1427,908,New Hampshire,Small City,private
Roanoke College,2036,1973,Virginia,Suburb,na
Robert Morris University,4245,3840,Pennsylvania,Suburb,na
Roberts Wesleyan College,1322,1248,New York,Suburb,na
Rochester College,1152,762,Michigan,Suburb,na
Rochester Institute of Technology,13510,12447,New York,Suburb,private
Rockford University,1059,918,Illinois,Midsize City,na
Rockhurst University,2208,1445,Missouri,Large City,na
Rocky Mountain College,898,868,Montana,Midsize City,private
Roger Williams University,4704,4042,Rhode Island,Suburb,private
Rollins College,2614,2453,Florida,Suburb,private
Roosevelt University,2576,2117,Illinois,Large City,na
Rosemont College,634,520,Pennsylvania,Suburb,na
Rowan University,15399,13634,New Jersey,Suburb,na
Rust College,862,792,Mississippi,Town,na
Rutgers University - Camden,5489,4493,New Jersey,Small City,na
Rutgers University - New Brunswick,35638,33677,New Jersey,Small City,na
Rutgers University - Newark,8549,7162,New Jersey,Large City,na
Sacred Heart University,5605,4982,Connecticut,Suburb,na
Saginaw Valley State University,7850,6559,Michigan,Suburb,public
Saint Ambrose University,2369,2215,Iowa,Midsize City,private
Saint Anselm College,1965,1926,New Hampshire,Suburb,na
Saint Augustine's University,972,961,North Carolina,Large City,private
St. Bonaventure University,1621,1586,New York,Town,na
Saint Cloud State University,13133,8373,Minnesota,Small City,na
Saint Edward's University,3941,3528,Texas,Large City,na
Saint Francis University,2119,1526,Pennsylvania,Town,private
St. John Fisher College,2746,2624,New York,Suburb,na
Saint Johns University,1724,1703,Minnesota,Rural,na
University of Saint Joseph,808,654,Connecticut,Small City,na
St. Joseph's College - New York,928,798,New York,Large City,na
Saint Joseph's College of Maine,1537,960,Maine,Rural,private
Saint Joseph's University,5143,4481,Pennsylvania,Large City,na
Saint Leo University,9672,6732,Florida,Suburb,private
Saint Louis University,9900,6625,Missouri,Large City,na
Saint Martin's University,1318,1121,Washington,Suburb,na
Saint Mary - of - the - Woods College,662,491,Indiana,Rural,private
Saint Mary's College,1533,1486,Indiana,Suburb,na
Saint Mary's College of California,2776,2614,California,Suburb,na
Saint Mary's University of Minnesota,1501,1129,Minnesota,Town,na
Saint Michael's College,1790,1766,Vermont,Suburb,private
Saint Norbert College,2068,2021,Wisconsin,Suburb,private
Saint Peter's University,2633,2387,New Jersey,Large City,na
St. Thomas Aquinas College,1777,1091,New York,Suburb,na
St. Thomas University,2907,935,Florida,Suburb,na
Saint Vincent College,1667,1617,Pennsylvania,Suburb,na
Saint Xavier University,2942,2638,Illinois,Large City,na
Salem College,817,673,North Carolina,Midsize City,private
Salem International University,892,892,West Virginia,Rural,private
Salem State University,7110,5792,Massachusetts,Suburb,na
Salisbury University,7783,7191,Maryland,Suburb,public
Salve Regina University,2180,2087,Rhode Island,Suburb,na
Sam Houston State University,18416,14808,Texas,Town,public
Samford University,3375,3266,Alabama,Suburb,private
San Diego Christian College,656,504,California,Suburb,private
San Diego State University,30267,27060,California,Large City,na
San Francisco State University,26676,22263,California,Large City,public
San Jose State University,27777,23097,California,Large City,na
Santa Clara University,5498,5411,California,Midsize City,private
Sarah Lawrence College,1401,1384,New York,Suburb,na
Savannah State University,4237,3687,Georgia,Midsize City,na
Schreiner University,1249,1137,Texas,Town,na
Scripps College,1064,1060,California,Suburb,na
Seattle Pacific University,2898,2783,Washington,Large City,private
Seattle University,4563,4325,Washington,Large City,private
Seton Hall University,5972,5554,New Jersey,Suburb,na
Seton Hill University,2091,1551,Pennsylvania,Suburb,na
Sewanee - The University of the South,1700,1687,Tennessee,Rural,na
Shaw University,1545,1466,North Carolina,Large City,private
Shawnee State University,3408,2832,Ohio,Town,public
Shenandoah University,2060,1991,Virginia,Small City,na
Shepherd University,3419,2614,West Virginia,Town,na
Shippensburg University of Pennsylvania,5573,5160,Pennsylvania,Town,na
Shorter University,1402,1140,Georgia,Small City,na
Shorter University - College of Adult & Professional Programs,113,56,Georgia,Small City,na
Siena College,3161,3039,New York,Suburb,na
Siena Heights University,2301,1290,Michigan,Town,na
Sierra Nevada College,452,410,Nevada,Town,private
Silver Lake College of the Holy Family,393,267,Wisconsin,Town,na
Simmons College,1743,1553,Massachusetts,Large City,na
Simpson College,1433,1280,Iowa,Town,na
Simpson University,779,619,California,Small City,na
Skidmore College,2682,2636,New York,Suburb,private
Slippery Rock University of Pennsylvania,7613,7125,Pennsylvania,Town,na
Smith College,2526,2505,Massachusetts,Suburb,private
Soka University of America,409,412,California,Suburb,na
Sonoma State University,8670,7887,California,Suburb,na
South Carolina State University,2523,2281,South Carolina,Town,na
South College,1410,1410,Tennessee,Midsize City,na
South Dakota State University,10886,8425,South Dakota,Town,na
South University - Columbia,806,556,South Carolina,Suburb,na
South University - Savannah,499,396,Georgia,Midsize City,na
South University - Tampa,543,424,Florida,Large City,private
South University - West Palm Beach,699,535,Florida,Suburb,na
Southeast Missouri State University,10462,7779,Missouri,Small City,na
Southeastern Louisiana University,13317,8998,Louisiana,Small City,na
Southeastern Oklahoma State University,3122,2374,Oklahoma,Town,na
Southeastern University,6241,4288,Florida,Midsize City,private
Southern Adventist University,2596,2173,Tennessee,Suburb,na
Southern Arkansas University Main Campus,3478,2924,Arkansas,Town,public
Southern Connecticut State University,7944,6814,Connecticut,Midsize City,na
Southern Illinois University Carbondale,10990,9455,Illinois,Small City,na
Southern Illinois University Edwardsville,11408,9550,Illinois,Suburb,na
Southern Methodist University,6454,6240,Texas,Suburb,na
Southern Nazarene University,1517,1483,Oklahoma,Suburb,na
Southern New Hampshire University,70662,19935,New Hampshire,Suburb,na
Southern Oregon University,5522,3640,Oregon,Suburb,public
Southern University and A & M College,5152,4530,Louisiana,Midsize City,na
Southern University at New Orleans,2108,1520,Louisiana,Large City,na
Southern Utah University,8549,6279,Utah,Town,public
Southern Virginia University,908,853,Virginia,Town,na
Southern Wesleyan University,1360,820,South Carolina,Suburb,na
Southwest Baptist University,2827,1835,Missouri,Town,private
Southwest Minnesota State University,6711,1932,Minnesota,Town,public
Southwestern Adventist University,802,652,Texas,Town,private
Southwestern Assemblies of God University,1788,1492,Texas,Suburb,private
Southwestern Christian University,620,539,Oklahoma,Suburb,na
Southwestern College - Winfield,1148,577,Kansas,Town,na
Southwestern Oklahoma State University,4626,3713,Oklahoma,Town,public
Southwestern University,1398,1367,Texas,Suburb,na
Spalding University,1250,916,Kentucky,Large City,na
Spelman College,2139,2086,Georgia,Large City,na
Spring Arbor University,1958,1380,Michigan,Suburb,na
Spring Hill College,1376,1363,Alabama,Midsize City,na
Springfield College,2230,2188,Massachusetts,Midsize City,private
St. Andrews University,641,567,North Carolina,Town,na
St Catherine University,3157,2124,Minnesota,Large City,private
St. Francis College,2286,2097,New York,Large City,na
St John's College MD,466,458,Maryland,Suburb,na
St. John's College,319,309,New Mexico,Rural,na
St John's University - New York,16760,11526,New York,Large City,na
St Lawrence University,2411,2372,New York,Town,private
St Mary's College of Maryland,1574,1516,Maryland,Suburb,na
St. Mary's University,2323,2228,Texas,Large City,na
St Olaf College,3039,3003,Minnesota,Town,na
Stanford University,7064,7064,California,Suburb,na
SUNY New Paltz,6733,6235,New York,Suburb,na
Stephen F Austin State University,10988,9567,Texas,Town,na
Stephens College,654,542,Missouri,Midsize City,na
Sterling College Kansas,698,599,Kansas,Rural,private
Sterling College Vermont,155,120,Vermont,Rural,private
Stetson University,3068,3028,Florida,Suburb,private
Stevens Institute of Technology,3125,3113,New Jersey,Suburb,na
Stevenson University,3401,2926,Maryland,Rural,na
Stillman College,675,552,Alabama,Midsize City,na
Stonehill College,2494,2482,Massachusetts,Suburb,private
Stony Brook University,17369,16212,New York,Suburb,na
Stratford University,1979,471,Virginia,Suburb,na
Strayer University - District of Columbia,691,107,District of Columbia,Large City,na
Suffolk University,5028,4762,Massachusetts,Large City,private
Sul Ross State University,2292,1378,Texas,Town,na
Sullivan University,2596,1321,Kentucky,Large City,na
Summit Christian College,32,17,Nebraska,Town,na
University at Albany,13510,12740,New York,Small City,public
Binghamton University,13739,13345,New York,Suburb,public
SUNY Fredonia,4393,4281,New York,Town,na
SUNY Geneseo,5558,5452,New York,Town,na
Purchase College,4062,3712,New York,Suburb,public
The College at Brockport,7182,6419,New York,Town,na
Buffalo State,8527,7665,New York,Large City,na
SUNY Cortland,6345,6196,New York,Town,public
SUNY Old Westbury,4634,4056,New York,Suburb,public
SUNY Oneonta,5940,5828,New York,Town,na
SUNY Oswego,7123,6836,New York,Town,na
SUNY Plattsburgh,5353,4894,New York,Town,public
SUNY Potsdam,3323,3196,New York,Town,public
SUNY College of Environmental Science and Forestry,1791,1737,New York,Midsize City,na
SUNY Empire State College,9810,3772,New York,Suburb,na
SUNY Polytechnic Institute,2179,1859,New York,Suburb,na
SUNY Maritime College,1640,1581,New York,Large City,public
Susquehanna University,2354,2283,Pennsylvania,Town,na
Swarthmore College,1581,1573,Pennsylvania,Suburb,na
Sweet Briar College,320,314,Virginia,Suburb,na
Syracuse University,15248,14675,New York,Midsize City,na
Tabor College,712,554,Kansas,Town,private
Talladega College,782,762,Alabama,Town,na
Tarleton State University,11290,8429,Texas,Town,na
Taylor University,2111,1840,Indiana,Town,na
Temple University,29583,26643,Pennsylvania,Large City,na
Tennessee State University,6504,5431,Tennessee,Large City,na
Tennessee Technological University,9365,8259,Tennessee,Town,na
Tennessee Wesleyan University,931,863,Tennessee,Town,na
Texas A&M International University,6800,5191,Texas,Large City,public
Texas A&M University - College Station,53069,46724,Texas,Midsize City,public
Texas A&M University - Commerce,8490,6068,Texas,Town,na
Texas A&M University - Corpus Christi,10174,8355,Texas,Large City,na
Texas A&M University - Kingsville,6782,5020,Texas,Town,na
Texas A&M University - Texarkana,1611,1166,Texas,Rural,na
Texas Christian University,9009,8738,Texas,Large City,na
Texas College,993,940,Texas,Midsize City,na
Texas Lutheran University,1359,1305,Texas,Town,private
Texas Southern University,7971,6695,Texas,Large City,na
Texas State University,34177,28019,Texas,Suburb,na
Texas Tech University,30737,27318,Texas,Large City,public
Texas Wesleyan University,1675,1497,Texas,Large City,na
Texas Woman's University,10311,6968,Texas,Midsize City,na
The College of Idaho,938,896,Idaho,Suburb,na
The College of New Jersey,6956,6728,New Jersey,Suburb,na
The College of Saint Rose,2504,2426,New York,Small City,na
The College of Saint Scholastica,2678,2179,Minnesota,Small City,na
The College of Wooster,1979,1962,Ohio,Town,na
The Evergreen State College,3615,3330,Washington,Suburb,na
The King's College,555,542,New York,Large City,na
The Master's College and Seminary,1353,975,California,Suburb,na
The New School,7124,6224,New York,Large City,private
Stockton University,8276,7809,New Jersey,Suburb,na
The University of Alabama,33303,29923,Alabama,Midsize City,na
The University of Findlay,3563,2499,Ohio,Town,private
The University of Montana,9322,7444,Montana,Small City,na
The University of Montana - Western,1540,1230,Montana,Town,public
The University of Tampa,7970,7728,Florida,Large City,na
The University of Tennessee - Knoxville,22315,20965,Tennessee,Midsize City,na
The University of Tennessee - Chattanooga,10172,8962,Tennessee,Midsize City,na
The University of Tennessee - Martin,6327,4950,Tennessee,Town,na
The University of Texas at Arlington,33305,17819,Texas,Large City,public
The University of Texas at Austin,40489,37740,Texas,Large City,na
The University of Texas at Dallas,18474,15294,Texas,Midsize City,na
The University of Texas at El Paso,21335,14025,Texas,Large City,na
The University of Texas at San Antonio,26437,21510,Texas,Large City,na
The University of Texas at Tyler,7440,4842,Texas,Midsize City,na
The University of Texas of the Permian Basin,6066,2192,Texas,Midsize City,public
The University of Texas Rio Grande Valley,24216,18647,Texas,Small City,public
The University of Virginia's College at Wise,2093,1210,Virginia,Town,na
The University of West Florida,10000,6906,Florida,Small City,public
Thiel College,764,751,Pennsylvania,Town,na
Thomas Aquinas College,364,369,California,Rural,private
Thomas College,1660,774,Maine,Rural,na
Thomas More College,1878,1356,Kentucky,Suburb,na
Thomas More College of Liberal Arts,90,90,New Hampshire,Suburb,private
Thomas University,1118,438,Georgia,Town,na
Tiffin University,2243,1772,Ohio,Town,private
Toccoa Falls College,1420,872,Georgia,Town,na
Tougaloo College,794,766,Mississippi,Midsize City,private
Touro College,6428,4232,New York,Large City,na
Towson University,19592,17106,Maryland,Small City,na
Transylvania University,962,963,Kentucky,Large City,private
Trevecca Nazarene University,2216,1317,Tennessee,Large City,na
Trident University International,4368,1862,California,Suburb,private
Trine University,4099,1938,Indiana,Town,na
Trine University - Regional/Non - Traditional Campuses,368,210,Indiana,Large City,na
Trinity Christian College,1109,907,Illinois,Suburb,private
Trinity College,2218,2117,Connecticut,Midsize City,na
Trinity International University - Florida,156,64,Florida,Suburb,na
Trinity International University - Illinois,936,592,Illinois,Suburb,na
Trinity University,2389,2353,Texas,Large City,na
Trinity Washington University,1530,1075,District of Columbia,Large City,na
Troy University,14006,9491,Alabama,Town,public
Truett McConnell University,2574,780,Georgia,Town,na
Truman State University,5895,5134,Missouri,Town,na
Tufts University,5543,5483,Massachusetts,Suburb,na
Tulane University of Louisiana,7872,6716,Louisiana,Large City,private
Tusculum College,1485,1376,Tennessee,Town,na
Tuskegee University,2830,2722,Alabama,Town,na
Union College Kentucky,1096,918,Kentucky,Town,private
Union College Nebraska,779,707,Nebraska,Large City,private
Union College New York,2265,2176,New York,Small City,na
Union Institute & University,814,434,Ohio,Large City,na
Union University,2179,1599,Tennessee,Small City,na
United States Air Force Academy,4279,4276,Colorado,Town,na
United States Coast Guard Academy,1047,1044,Connecticut,Small City,na
United States Merchant Marine Academy,952,954,New York,Suburb,public
United States Military Academy,4487,4491,New York,Town,public
United States Naval Academy,4495,4495,Maryland,Suburb,na
Unity College,706,694,Maine,Rural,private
Universidad Adventista de las Antillas,1174,1071,Puerto Rico,Suburb,private
Polytechnic University of Puerto Rico - Orlando,124,53,Florida,Suburb,na
University at Buffalo,21016,19401,New York,Suburb,na
University of Advancing Technology,775,508,Arizona,Midsize City,na
University of Akron Main Campus,16874,13563,Ohio,Midsize City,public
University of Alabama at Birmingham,13130,9677,Alabama,Midsize City,na
University of Alabama in Huntsville,7089,5903,Alabama,Midsize City,na
University of Alaska Anchorage,14954,6974,Alaska,Large City,na
University of Alaska Fairbanks,6633,3022,Alaska,Suburb,public
University of Alaska Southeast,2060,629,Alaska,Town,na
University of Arizona,34099,29325,Arizona,Large City,na
University of Arkansas,23037,20464,Arkansas,Small City,na
University of Arkansas at Little Rock,8794,4603,Arkansas,Midsize City,na
University of Arkansas at Pine Bluff,2517,2341,Arkansas,Small City,public
University of Baltimore,2950,1716,Maryland,Large City,na
University of Bridgeport,3124,2300,Connecticut,Midsize City,private
University of California - Berkeley,30577,29351,California,Midsize City,public
University of California - Davis,30067,29284,California,Suburb,na
University of California - Irvine,29310,28855,California,Large City,public
University of California - Los Angeles,31001,30458,California,Large City,na
University of California - Riverside,20077,19719,California,Large City,public
University of California - San Diego,28582,27880,California,Large City,na
University of California - Santa Barbara,22182,21777,California,Suburb,na
University of California - Santa Cruz,17573,17082,California,Small City,na
University of Central Arkansas,9549,8070,Arkansas,Small City,na
University of Central Florida,56854,39962,Florida,Suburb,na
University of Central Missouri,9800,7701,Missouri,Town,na
University of Central Oklahoma,14340,10448,Oklahoma,Suburb,public
University of Charleston,1833,1220,West Virginia,Small City,na
University of Chicago,6305,6288,Illinois,Large City,private
University of Cincinnati - Main Campus,26558,22622,Ohio,Large City,na
University of Colorado at Colorado Springs,10804,8171,Colorado,Large City,public
University of Colorado Boulder,29057,26977,Colorado,Midsize City,na
University of Colorado Denver/Anschutz Medical Campus,15589,8671,Colorado,Large City,na
University of Connecticut,19243,18555,Connecticut,Suburb,na
University of Dallas,1456,1421,Texas,Midsize City,private
University of Dayton,8498,8079,Ohio,Midsize City,na
University of Delaware,19752,18195,Delaware,Suburb,na
University of Denver,5768,5494,Colorado,Large City,na
University of Detroit Mercy,2839,2338,Michigan,Large City,private
University of Dubuque,1953,1709,Iowa,Small City,na
University of Evansville,2346,2024,Indiana,Midsize City,na
University of Florida,35251,31384,Florida,Midsize City,na
University of Georgia,28844,27142,Georgia,Midsize City,na
University of Providence,930,469,Montana,Small City,private
University of Hartford,5073,4460,Connecticut,Midsize City,na
University of Hawaii at Hilo,2972,2340,Hawaii,Town,public
University of Hawaii at Manoa,12877,10702,Hawaii,Large City,na
University of Hawaii - West Oahu,3083,1611,Hawaii,Suburb,na
University of Houston,37217,27159,Texas,Large City,public
University of Houston - Downtown,12402,6320,Texas,Large City,public
University of Houston - Victoria,3273,1722,Texas,Small City,public
University of Idaho,9889,7166,Idaho,Town,na
University of Illinois at Chicago,19446,17961,Illinois,Large City,public
University of Illinois at Springfield,2932,1903,Illinois,Midsize City,public
University of Illinois at Urbana - Champaign,33955,32613,Illinois,Small City,na
University of Indianapolis,4486,3828,Indiana,Large City,na
University of Iowa,24506,21222,Iowa,Small City,public
University of Kansas,19344,17151,Kansas,Small City,public
University of Kentucky,22420,20657,Kentucky,Large City,na
University of La Verne,5169,3759,California,Suburb,na
University of Louisiana at Lafayette,15665,12767,Louisiana,Midsize City,na
University of Louisiana at Monroe,7946,5212,Louisiana,Small City,na
University of Louisville,15543,12025,Kentucky,Large City,na
University of Maine,9277,8204,Maine,Suburb,na
University of Maine at Augusta,4013,1317,Maine,Town,public
University of Maine at Farmington,1810,1673,Maine,Town,public
University of Maine at Fort Kent,1762,582,Maine,Rural,na
University of Maine at Machias,698,367,Maine,Rural,public
University of Maine at Presque Isle,1413,716,Maine,Rural,na
University of Mary,2234,1794,North Dakota,Rural,na
University of Mary Hardin - Baylor,3329,3045,Texas,Suburb,na
University of Mary Washington,4399,3905,Virginia,Suburb,na
University of Maryland - Baltimore County,11238,9543,Maryland,Suburb,public
University of Maryland - College Park,29870,27708,Maryland,Suburb,public
University of Maryland Eastern Shore,2860,2573,Maryland,Town,public
University of Maryland - University College,45609,9714,Maryland,Suburb,na
University of Massachusetts Amherst,23386,21577,Massachusetts,Suburb,na
University of Massachusetts - Boston,12658,9574,Massachusetts,Large City,na
University of Massachusetts - Dartmouth,6764,5790,Massachusetts,Suburb,na
University of Massachusetts - Lowell,14015,10495,Massachusetts,Suburb,na
University of Memphis,17392,12400,Tennessee,Large City,na
University of Miami,10834,10216,Florida,Suburb,na
University of Michigan - Ann Arbor,29819,28702,Michigan,Midsize City,na
University of Michigan - Dearborn,7132,5137,Michigan,Small City,na
University of Michigan - Flint,6432,3809,Michigan,Small City,public
University of Minnesota - Crookston,2832,1195,Minnesota,Town,public
University of Minnesota - Duluth,10124,8906,Minnesota,Small City,na
University of Minnesota - Morris,1627,1526,Minnesota,Town,na
University of Minnesota - Twin Cities,35429,29991,Minnesota,Large City,na
University of Mississippi,18734,17511,Mississippi,Town,na
University of Missouri - Columbia,23800,22197,Missouri,Midsize City,na
University of Missouri - Kansas City,11369,6760,Missouri,Large City,public
University of Missouri - St Louis,13791,5492,Missouri,Suburb,public
University of Mobile,1442,1152,Alabama,Rural,na
University of Montevallo,2352,2101,Alabama,Suburb,na
University of Mount Union,2093,2046,Ohio,Town,na
University of Nebraska at Kearney,4846,4063,Nebraska,Town,na
University of Nebraska at Omaha,12620,9820,Nebraska,Large City,na
University of Nebraska - Lincoln,20955,19534,Nebraska,Large City,public
University of Nevada - Las Vegas,25281,18958,Nevada,Midsize City,na
University of Nevada - Reno,18354,15572,Nevada,Midsize City,na
University of New England,4427,2361,Maine,Suburb,na
University of New Hampshire at Manchester,737,575,New Hampshire,Midsize City,na
University of New Hampshire - Main Campus,13010,12677,New Hampshire,Suburb,na
University of New Haven,5214,4831,Connecticut,Suburb,na
University of New Mexico - Main Campus,20359,15093,New Mexico,Large City,public
University of New Orleans,6468,4737,Louisiana,Large City,na
University of North Alabama,6061,5141,Alabama,Small City,public
University of North Carolina at Asheville,3820,3285,North Carolina,Small City,na
University of North Carolina at Chapel Hill,18863,18303,North Carolina,Small City,public
University of North Carolina at Charlotte,23915,20597,North Carolina,Large City,public
University of North Carolina at Greensboro,16441,14136,North Carolina,Large City,na
University of North Carolina at Pembroke,5478,4483,North Carolina,Town,na
University of North Carolina at Wilmington,14499,12346,North Carolina,Midsize City,na
University of North Dakota,10999,8525,North Dakota,Small City,public
University of North Florida,14251,10223,Florida,Large City,na
University of North Texas,31444,25592,Texas,Midsize City,na
University of Northern Colorado,10103,8328,Colorado,Midsize City,na
University of Northern Iowa,9959,9100,Iowa,Small City,na
University of Notre Dame,8577,8557,Indiana,Suburb,private
University of Oklahoma Norman Campus,22028,19065,Oklahoma,Suburb,na
University of Oregon,19336,17801,Oregon,Midsize City,na
University of Pennsylvania,11719,10496,Pennsylvania,Large City,na
University of Phoenix - New Mexico,216,217,New Mexico,Large City,private
University of Phoenix - Hawaii,661,661,Hawaii,Large City,na
University of Phoenix - New Jersey,111,111,New Jersey,Large City,na
University of Phoenix - Kentucky,18,18,Kentucky,Suburb,na
University of Phoenix - Utah,122,122,Utah,Suburb,na
University of Pittsburgh - Bradford,1337,1229,Pennsylvania,Town,na
University of Pittsburgh - Greensburg,1524,1436,Pennsylvania,Suburb,na
University of Pittsburgh - Johnstown,2785,2713,Pennsylvania,Suburb,na
University of Pittsburgh - Pittsburgh Campus,19329,18390,Pennsylvania,Large City,public
University of Portland,3888,3792,Oregon,Large City,private
University of Puerto Rico - Mayaguez,12488,11494,Puerto Rico,Small City,na
University of Puget Sound,2415,2390,Washington,Midsize City,na
University of Redlands,3133,2518,California,Small City,private
University of Rhode Island,15100,12629,Rhode Island,Suburb,na
University of Richmond,3265,3035,Virginia,Midsize City,na
University of Rio Grande,1755,1269,Ohio,Rural,na
University of Rochester,6542,6250,New York,Midsize City,private
University of Saint Francis - Fort Wayne,1906,1523,Indiana,Large City,na
University of Saint Mary,750,641,Kansas,Town,na
University of San Diego,5776,5605,California,Large City,na
University of San Francisco,6847,6586,California,Large City,na
University of Science and Arts of Oklahoma,881,727,Oklahoma,Town,public
University of Scranton,3809,3630,Pennsylvania,Small City,private
University of Sioux Falls,1214,1036,South Dakota,Midsize City,private
University of South Alabama,10986,9090,Alabama,Midsize City,public
University of South Carolina - Aiken,3352,2716,South Carolina,Suburb,public
University of South Carolina - Beaufort,2078,1797,South Carolina,Town,na
University of South Carolina - Columbia,26363,25243,South Carolina,Midsize City,na
University of South Carolina - Upstate,5776,4583,South Carolina,Suburb,public
University of South Dakota,7652,4908,South Dakota,Town,public
University of South Florida - Main Campus,31773,24672,Florida,Large City,na
University of South Florida - St. Petersburg,4251,2845,Florida,Large City,na
University of Southern California,19174,18631,California,Large City,private
University of Southern Indiana,9689,6588,Indiana,Suburb,na
University of Southern Maine,6110,3901,Maine,Small City,na
University of Southern Mississippi,11809,10384,Mississippi,Small City,na
University of St Francis,1600,1291,Illinois,Suburb,na
University of St Thomas Minnesota,6197,5945,Minnesota,Large City,na
University of St. Thomas - Houston,1815,1434,Texas,Large City,na
University of the Cumberlands,3317,1828,Kentucky,Town,na
University of the District of Columbia,3858,1830,District of Columbia,Large City,public
University of the Incarnate Word,5996,4461,Texas,Large City,na
University of the Ozarks,756,747,Arkansas,Town,na
University of the Pacific,3552,3452,California,Large City,private
University of the Southwest,509,417,New Mexico,Rural,na
University of the Virgin Islands,1901,1275,Virgin Islands,Town,na
University of the West,185,148,California,Suburb,na
University of Toledo,16191,13056,Ohio,Large City,public
University of Tulsa,3347,3203,Oklahoma,Large City,private
University of Utah,24637,18066,Utah,Midsize City,na
University of Vermont,11341,10395,Vermont,Small City,na
University of Virginia - Main Campus,16658,15766,Virginia,Suburb,public
University of Washington - Bothell Campus,5365,4641,Washington,Suburb,na
University of Washington - Seattle Campus,31328,28759,Washington,Large City,public
University of Washington - Tacoma Campus,4436,3945,Washington,Midsize City,na
University of West Alabama,2111,1843,Alabama,Rural,na
University of West Georgia,11230,8938,Georgia,Town,public
University of Wisconsin - Eau Claire,10184,9476,Wisconsin,Small City,public
University of Wisconsin - Green Bay,6812,4095,Wisconsin,Midsize City,public
University of Wisconsin - La Crosse,9701,9094,Wisconsin,Small City,na
University of Wisconsin - Madison,31358,28977,Wisconsin,Large City,na
University of Wisconsin - Milwaukee,20356,17076,Wisconsin,Large City,na
University of Wisconsin - Oshkosh,12410,7994,Wisconsin,Small City,na
University of Wisconsin - Parkside,4135,3275,Wisconsin,Suburb,na
University of Wisconsin - Platteville,7614,6723,Wisconsin,Town,na
University of Wisconsin - River Falls,5680,5014,Wisconsin,Town,na
University of Wisconsin - Stevens Point,7896,7224,Wisconsin,Town,na
University of Wisconsin - Stout,8129,6605,Wisconsin,Town,public
University of Wisconsin - Superior,2373,1829,Wisconsin,Suburb,na
University of Wisconsin - Whitewater,11128,9830,Wisconsin,Town,na
University of Wyoming,9796,8281,Wyoming,Town,na
Upper Iowa University,4275,2107,Iowa,Rural,private
Ursinus College,1507,1489,Pennsylvania,Suburb,private
Ursuline College,620,455,Ohio,Suburb,private
Utah State University,24621,17188,Utah,Small City,public
Utah Valley University,36870,18404,Utah,Small City,na
Utica College,3686,2901,New York,Small City,na
Valdosta State University,8774,7166,Georgia,Small City,na
Valley City State University,1373,834,North Dakota,Town,na
University of Valley Forge,700,589,Pennsylvania,Suburb,na
Valparaiso University,3228,3153,Indiana,Suburb,na
Vanderbilt University,6888,6805,Tennessee,Large City,na
Vanguard University of Southern California,1842,1524,California,Midsize City,na
Vassar College,2352,2334,New York,Suburb,private
Villanova University,6948,6525,Pennsylvania,Suburb,na
Virginia Commonwealth University,23666,20036,Virginia,Midsize City,na
Virginia Military Institute,1724,1722,Virginia,Town,public
Virginia Tech,27189,26603,Virginia,Small City,public
Virginia State University,4299,3976,Virginia,Suburb,public
Virginia Union University,1298,1201,Virginia,Midsize City,na
Virginia Wesleyan University,1438,1354,Virginia,Large City,na
Viterbo University,1770,1394,Wisconsin,Small City,na
Voorhees College,475,464,South Carolina,Town,private
Wabash College,865,864,Indiana,Town,na
Wagner College,1797,1736,New York,Large City,na
Wake Forest University,5099,5046,North Carolina,Midsize City,na
Walden University,7443,453,Minnesota,Large City,na
Waldorf University,2124,1482,Iowa,Town,private
Walla Walla University,1650,1556,Washington,Suburb,na
Walsh University,2012,1744,Ohio,Suburb,private
Warner Pacific College,404,396,Oregon,Large City,na
Warner University,1003,869,Florida,Rural,na
Warren Wilson College,589,579,North Carolina,Suburb,private
Wartburg College,1525,1474,Iowa,Town,na
Washburn University,5877,3944,Kansas,Midsize City,na
Washington Adventist University,875,655,Maryland,Suburb,na
Washington & Jefferson College,1411,1398,Pennsylvania,Suburb,na
Washington and Lee University,1824,1823,Virginia,Town,private
Washington College,1489,1456,Maryland,Town,na
Washington State University,25279,22166,Washington,Town,na
Washington University in St Louis,7673,7074,Missouri,Suburb,na
Wayland Baptist University,3563,990,Texas,Town,na
Wayne State College,2756,2404,Nebraska,Town,public
Wayne State University,17300,12389,Michigan,Large City,public
Waynesburg University,1374,1330,Pennsylvania,Town,private
Webber International University,626,584,Florida,Town,na
Weber State University,27106,11311,Utah,Small City,na
Webster University,3080,2297,Missouri,Suburb,private
Wellesley College,2513,2374,Massachusetts,Suburb,private
Wells College,486,481,New York,Rural,na
Wentworth Institute of Technology,4263,3904,Massachusetts,Large City,private
Wesley College,1447,1303,Delaware,Small City,private
Wesleyan College,565,431,Georgia,Midsize City,na
Wesleyan University,2975,2896,Connecticut,Small City,private
West Chester University of Pennsylvania,14450,13020,Pennsylvania,Suburb,na
West Liberty University,2174,1869,West Virginia,Rural,na
West Texas A&M University,7393,5615,Texas,Town,public
West Virginia State University,3754,1786,West Virginia,Suburb,na
West Virginia University,22507,20712,West Virginia,Small City,public
West Virginia University Institute of Technology,1621,1111,West Virginia,Small City,public
West Virginia Wesleyan College,1322,1289,West Virginia,Town,private
Western Carolina University,9408,8040,North Carolina,Town,na
Western Connecticut State University,5082,4089,Connecticut,Small City,na
Western Governors University,72383,72385,Utah,Suburb,na
Western Illinois University,7596,6668,Illinois,Town,na
Western International University,593,597,Arizona,Midsize City,na
Western Kentucky University,17655,12919,Kentucky,Small City,na
Western Michigan University,17938,15063,Michigan,Small City,na
Western New England University,2737,2613,Massachusetts,Midsize City,private
Western New Mexico University,2170,1266,New Mexico,Town,public
Western Oregon University,4758,4065,Oregon,Town,public
Western Colorado University,2427,1832,Colorado,Town,na
Western Washington University,14961,13728,Washington,Small City,na
Westfield State University,5585,4800,Massachusetts,Suburb,na
Westminster College Missouri,765,760,Missouri,Town,na
Westminster College Pennsylvania,1193,1170,Pennsylvania,Town,private
Westminster College Utah,2033,1906,Utah,Midsize City,na
Westmont College,1295,1294,California,Suburb,private
Wheaton College Illinois,2386,2310,Illinois,Suburb,private
Wheaton College Massachusetts,1686,1675,Massachusetts,Suburb,private
Wheeling Jesuit University,721,670,West Virginia,Small City,na
Boston University Wheelock College of Education and Human Development,613,593,Massachusetts,Large City,na
Whitman College,1512,1455,Washington,Small City,na
Whittier College,1684,1640,California,Suburb,na
Whitworth University,2252,2211,Washington,Suburb,private
Wichita State University,12403,8749,Kansas,Large City,na
Widener University,3438,2919,Pennsylvania,Suburb,private
Wilberforce University,613,489,Ohio,Rural,private
Wiley College,1325,1188,Texas,Town,na
Wilkes University,2489,2233,Pennsylvania,Small City,na
Willamette University,1950,1901,Oregon,Midsize City,private
William Carey University,3099,1676,Mississippi,Small City,private
William Jewell College,922,909,Missouri,Suburb,na
William Paterson University of New Jersey,8839,7285,New Jersey,Suburb,na
William Penn University,1284,1068,Iowa,Town,na
William Woods University,959,794,Missouri,Town,na
Williams Baptist College,492,447,Arkansas,Rural,na
Williams College,2073,2047,Massachusetts,Town,private
Wilmington College,1168,1098,Ohio,Town,na
Wilmington University,8441,3035,Delaware,Suburb,private
Wilson College,827,565,Pennsylvania,Small City,na
Wingate University,2588,2537,North Carolina,Suburb,na
Winona State University,7463,6522,Minnesota,Town,public
Winston - Salem State University,4688,4072,North Carolina,Midsize City,na
Winthrop University,5014,4488,South Carolina,Small City,public
Wisconsin Lutheran College,992,921,Wisconsin,Large City,na
Wittenberg University,1860,1775,Ohio,Small City,na
Wofford College,1679,1663,South Carolina,Small City,private
Woodbury University,1023,923,California,Large City,private
Worcester Polytechnic Institute,4435,4301,Massachusetts,Midsize City,na
Worcester State University,5496,4153,Massachusetts,Midsize City,na
Wright State University - Main Campus,12120,9423,Ohio,Suburb,public
Xavier University,4629,4370,Ohio,Large City,private
Xavier University of Louisiana,2289,2155,Louisiana,Large City,na
Yale University,5751,5743,Connecticut,Midsize City,na
Yeshiva University,2755,2646,New York,Large City,na
York College,431,398,Nebraska,Town,na
York College of Pennsylvania,4169,3814,Pennsylvania,Suburb,na
Youngstown State University,11272,8834,Ohio,Small City,na
